{"cameraMode":{"drawMode":0,"name":"Shaded","section":"Shading Mode"},"sceneLighting":false,"audioPlay":false,"sceneViewState":{"showFog":true,"showMaterialUpdate":false,"showSkybox":false,"showFlares":true,"showImageEffects":true,"showParticleSystems":true},"in2DMode":false,"pivot":{"x":0.022789359092712404,"y":-0.08752560615539551,"z":-0.04781818389892578},"rotation":{"x":-0.13345175981521607,"y":-0.05539672449231148,"z":0.006470787338912487,"w":-0.9896186590194702},"size":1.8576245307922364,"orthographic":false}