{"cameraMode":{"drawMode":0,"name":"Shaded","section":"Shading Mode"},"sceneLighting":false,"audioPlay":false,"sceneViewState":{"showFog":true,"showMaterialUpdate":false,"showSkybox":true,"showFlares":true,"showImageEffects":true,"showParticleSystems":true},"in2DMode":false,"pivot":{"x":-0.44880518317222597,"y":0.07216856628656388,"z":1.119936227798462},"rotation":{"x":-0.009411792270839215,"y":0.05631900206208229,"z":-0.0016540340147912503,"w":-0.998531699180603},"size":3.1693074703216554,"orthographic":false}