{"cameraMode":{"drawMode":0,"name":"Shaded","section":"Shading Mode"},"sceneLighting":true,"audioPlay":false,"sceneViewState":{"showFog":true,"showMaterialUpdate":false,"showSkybox":false,"showFlares":true,"showImageEffects":true,"showParticleSystems":true},"in2DMode":false,"pivot":{"x":-0.1268606185913086,"y":0.08041226863861084,"z":0.16653220355510713},"rotation":{"x":-0.14918985962867738,"y":-0.7021845579147339,"z":0.1543150544166565,"w":-0.6789668798446655},"size":4.979874134063721,"orthographic":false}